2024-02-26T13:09:17.785358Z	/category/delete/account/	Löschen	211.247.134.202	CHROME
2024-02-26T13:09:18.234652Z	/account/	Neu · Warenkorb	211.247.134.202	SAMSUNG_INTERNET
2024-02-26T13:09:18.647098Z	/manage/edit/cart/51/	Neu · Warenkorb	211.247.134.202	EDGE
2024-02-26T13:09:19.064709Z	/manage/edit/cart/51/	Löschen	243.13.168.201	INTERNET_EXPLORER
2024-02-26T13:09:19.289294Z	/category/delete/account/	Warenkorb · Merkliste	8.28.177.8	CHROME
2024-02-26T13:09:19.492186Z	/category/delete/account/	Neu · Warenkorb	8.28.177.8	EDGE
2024-02-26T13:09:19.626429Z	/account/	Warenkorb · Merkliste	243.13.168.201	EDGE
2024-02-26T13:09:19.946029Z	/category/delete/38/cart/	Neu · Warenkorb	243.13.168.201	CHROME
2024-02-26T13:09:20.340381Z	/	Merkliste	243.13.168.201	CHROME
2024-02-26T13:09:20.789829Z	/category/delete/account/	Löschen	243.13.168.201	CHROME
2024-02-26T13:09:21.168102Z	/manage/edit/cart/51/	Warenkorb · Merkliste	243.13.168.201	CHROME
2024-02-26T13:09:21.471324Z	/category/delete/38/cart/	Merkliste	243.13.168.201	CHROME
2024-02-26T13:09:21.749803Z	/category/38/category/	Übersicht · Löschen	101.99.242.194	FIREFOX
2024-02-26T13:09:22.088142Z	/tag/update/user/	Warenkorb · Merkliste	243.13.168.201	SAFARI
2024-02-26T13:09:22.380405Z	/71/tag/account/create/	Neu · Warenkorb	188.251.112.214	CHROME
2024-02-26T13:09:22.669425Z	/category/delete/38/cart/	Merkliste	243.13.168.201	FIREFOX
2024-02-26T13:09:22.803165Z	/manage/edit/cart/51/	Übersicht · Löschen	243.13.168.201	CHROME
2024-02-26T13:09:22.983503Z	/category/delete/38/cart/	Merkliste	188.251.112.214	CHROME
2024-02-26T13:09:23.189817Z	/account/	Übersicht · Löschen	188.251.112.214	EDGE
2024-02-26T13:09:23.595288Z	/	Neu · Warenkorb	122.55.18.77	SAFARI
2024-02-26T13:09:23.987517Z	/category/delete/38/cart/	Merkliste · Neu	8.159.148.30	CHROME
2024-02-26T13:09:24.428127Z	/	Warenkorb · Merkliste	119.130.178.144	FIREFOX
2024-02-26T13:09:24.794147Z	/account/	Warenkorb · Merkliste	203.66.143.241	SAFARI
2024-02-26T13:09:24.979700Z	/tag/update/user/	Neu · Warenkorb	119.130.178.144	CHROME
2024-02-26T13:09:25.332946Z	/account/	Merkliste	203.66.143.241	OPERA
2024-02-26T13:09:25.455217Z	/	Löschen	203.66.143.241	CHROME
2024-02-26T13:09:25.792342Z	/category/delete/account/	Merkliste	203.66.143.241	FIREFOX
2024-02-26T13:09:25.969764Z	/71/tag/account/create/	Warenkorb	203.66.143.241	SAMSUNG_INTERNET
2024-02-26T13:09:26.284959Z	/category/38/category/	Neu · Warenkorb	144.36.136.225	SAFARI
2024-02-26T13:09:26.669308Z	/account/	Neu · Warenkorb	203.66.143.241	CHROME
2024-02-26T13:09:26.907809Z	/manage/edit/cart/51/	Merkliste	238.193.113.85	CHROME
2024-02-26T13:09:27.214140Z	/category/delete/account/	Merkliste · Neu	203.66.143.241	SAMSUNG_INTERNET
2024-02-26T13:09:27.557902Z	/category/delete/38/cart/	Warenkorb · Merkliste	238.193.113.85	EDGE
2024-02-26T13:09:28.032361Z	/71/tag/account/create/	Warenkorb	238.193.113.85	CHROME
2024-02-26T13:09:28.198429Z	/category/delete/account/	Merkliste · Bestellung	203.66.143.241	SAFARI
2024-02-26T13:09:28.440906Z	/category/delete/38/cart/	Warenkorb	144.36.136.225	EDGE
2024-02-26T13:09:28.785017Z	/user/create/create/68/	Übersicht · Löschen	144.36.136.225	SAFARI
2024-02-26T13:09:29.068479Z	/create/	Warenkorb	238.193.113.85	SAFARI
2024-02-26T13:09:29.172173Z	/create/	Neu · Warenkorb	238.193.113.85	CHROME
2024-02-26T13:09:29.315459Z	/71/tag/account/create/	Löschen	144.36.136.225	CHROME
2024-02-26T13:09:29.686404Z	/manage/edit/cart/51/	Merkliste	71.237.191.221	EDGE
2024-02-26T13:09:30.025090Z	/71/tag/account/create/	Merkliste	238.193.113.85	SAFARI
2024-02-26T13:09:30.259723Z	/category/38/category/	Löschen	71.237.191.221	EDGE
2024-02-26T13:09:30.581637Z	/user/create/create/68/	Merkliste · Bestellung	238.193.113.85	EDGE
2024-02-26T13:09:30.926211Z	/category/delete/account/	Bearbeiten · Merkliste	238.193.113.85	CHROME
2024-02-26T13:09:31.302903Z	/22/	Neu · Warenkorb	238.193.113.85	SAFARI
2024-02-26T13:09:31.431013Z	/tag/update/user/	Warenkorb · Merkliste	238.193.113.85	EDGE
2024-02-26T13:09:31.609990Z	/account/	Neu · Warenkorb	238.193.113.85	CHROME
2024-02-26T13:09:31.946295Z	/account/	Merkliste · Bestellung	238.193.113.85	EDGE
2024-02-26T13:09:32.329044Z	/category/38/category/	Neu · Warenkorb	60.91.170.163	SAFARI
2024-02-26T13:09:32.626466Z	/category/38/category/	Merkliste	60.91.170.163	EDGE
2024-02-26T13:09:32.741258Z	/create/	Merkliste · Bestellung	60.91.170.163	FIREFOX
2024-02-26T13:09:32.964013Z	/category/delete/account/	Bearbeiten · Merkliste	60.91.170.163	SAFARI
2024-02-26T13:09:33.139150Z	/category/delete/38/cart/	Merkliste	60.91.170.163	CHROME
2024-02-26T13:09:33.552637Z	/22/	Übersicht · Löschen	238.193.113.85	CHROME
2024-02-26T13:09:33.947571Z	/	Warenkorb · Merkliste	60.91.170.163	OPERA
2024-02-26T13:09:34.403204Z	/account/	Warenkorb · Merkliste	238.193.113.85	EDGE
2024-02-26T13:09:34.647503Z	/	Merkliste	238.193.113.85	CHROME
2024-02-26T13:09:34.798044Z	/category/delete/account/	Löschen	206.180.65.4	SAFARI
2024-02-26T13:09:35.228121Z	/user/create/create/68/	Merkliste · Bestellung	238.193.113.85	CHROME
2024-02-26T13:09:35.646918Z	/category/delete/38/cart/	Warenkorb · Merkliste	60.91.170.163	SAFARI
2024-02-26T13:09:36.095415Z	/	Warenkorb	60.91.170.163	CHROME
2024-02-26T13:09:36.488741Z	/create/	Merkliste	60.91.170.163	CHROME
2024-02-26T13:09:36.640457Z	/cart/create/manage/user/	Merkliste	33.73.22.199	CHROME
2024-02-26T13:09:36.817858Z	/tag/update/user/	Bearbeiten · Merkliste	33.73.22.199	EDGE
2024-02-26T13:09:36.962458Z	/user/create/create/68/	Löschen	33.73.22.199	CHROME
2024-02-26T13:09:37.080294Z	/tag/update/user/	Merkliste · Bestellung	33.73.22.199	CHROME
2024-02-26T13:09:37.191829Z	/22/	Merkliste	33.73.22.199	CHROME
2024-02-26T13:09:37.371298Z	/	Merkliste · Bestellung	33.73.22.199	FIREFOX
2024-02-26T13:09:37.756772Z	/category/delete/account/	Bearbeiten · Merkliste	181.142.157.61	SAFARI
2024-02-26T13:09:38.193163Z	/cart/tag/details/15/	Neu · Warenkorb	67.114.29.92	CHROME
2024-02-26T13:09:38.301602Z	/manage/edit/cart/51/	Merkliste · Bestellung	23.5.244.89	EDGE
2024-02-26T13:09:38.709340Z	/	Bearbeiten	23.5.244.89	EDGE
2024-02-26T13:09:39.091484Z	/create/	Neu · Bestellung	166.153.232.141	CHROME
2024-02-26T13:09:39.290022Z	/tag/update/user/	Merkliste	23.5.244.89	UC_BROWSER
2024-02-26T13:09:39.715390Z	/cart/	Bestellung	67.114.29.92	CHROME
2024-02-26T13:09:40.095318Z	/category/38/category/	Merkliste · Bestellung	67.114.29.92	INTERNET_EXPLORER
2024-02-26T13:09:40.409363Z	/	Neu · Bestellung	9.14.127.244	CHROME
2024-02-26T13:09:40.826956Z	/manage/edit/cart/51/	Übersicht · Löschen	23.5.244.89	SAFARI
2024-02-26T13:09:41.282731Z	/cart/	Neu · Warenkorb	67.114.29.92	UC_BROWSER
2024-02-26T13:09:41.393080Z	/user/create/create/68/	Übersicht · Löschen	9.14.127.244	CHROME
2024-02-26T13:09:41.735087Z	/	Bestellung	23.5.244.89	EDGE
2024-02-26T13:09:42.147606Z	/category/38/category/	Bestellung	146.58.193.114	EDGE
2024-02-26T13:09:42.425144Z	/category/delete/account/	Warenkorb · Merkliste	146.58.193.114	CHROME
2024-02-26T13:09:42.543363Z	/category/38/category/	Warenkorb · Merkliste	228.55.219.57	EDGE
2024-02-26T13:09:42.651686Z	/category/delete/account/	Neu · Warenkorb	228.55.219.57	CHROME
2024-02-26T13:09:43.143054Z	/new/details/tag/	Merkliste	198.162.148.112	CHROME
2024-02-26T13:09:43.264191Z	/	Warenkorb	228.55.219.57	CHROME
2024-02-26T13:09:43.471614Z	/22/	Bearbeiten · Merkliste	198.162.148.112	CHROME
2024-02-26T13:09:43.768628Z	/	Bearbeiten	23.5.244.89	CHROME
2024-02-26T13:09:43.988850Z	/71/tag/account/create/	Bestellung	228.55.219.57	SAFARI
2024-02-26T13:09:44.290070Z	/category/delete/38/cart/	Neu · Bestellung	23.5.244.89	FIREFOX
2024-02-26T13:09:44.528081Z	/22/	Merkliste · Neu	97.108.236.213	FIREFOX
2024-02-26T13:09:44.766851Z	/account/	Merkliste	97.108.236.213	SAMSUNG_INTERNET
2024-02-26T13:09:45.190511Z	/edit/new/user/	Merkliste · Bestellung	23.5.244.89	EDGE
2024-02-26T13:09:45.471972Z	/	Bestellung	228.55.219.57	CHROME
2024-02-26T13:09:45.699251Z	/user/create/create/68/	Warenkorb · Merkliste	80.191.243.190	SAMSUNG_INTERNET
2024-02-26T13:09:45.975521Z	/22/	Merkliste · Bestellung	197.163.102.19	FIREFOX
2024-02-26T13:09:46.290882Z	/category/delete/38/cart/	Bearbeiten · Merkliste	30.252.176.122	EDGE
2024-02-26T13:09:46.585179Z	/22/	Merkliste · Neu	80.191.243.190	FIREFOX
2024-02-26T13:09:46.725405Z	/manage/edit/cart/51/	Neu · Warenkorb	19.148.217.86	CHROME
2024-02-26T13:09:46.940594Z	/cart/	Bestellung	19.148.217.86	CHROME
2024-02-26T13:09:47.090117Z	/tag/update/user/	Bearbeiten	80.191.243.190	SAFARI
2024-02-26T13:09:47.209003Z	/user/create/create/68/	Merkliste	19.148.217.86	CHROME
2024-02-26T13:09:47.360171Z	/category/	Bearbeiten	198.162.148.112	FIREFOX
2024-02-26T13:09:47.773553Z	/new/details/tag/	Warenkorb · Merkliste	23.5.244.89	SAFARI
2024-02-26T13:09:48.179741Z	/manage/88/create/category/	Neu · Warenkorb	23.5.244.89	EDGE
2024-02-26T13:09:48.442177Z	/tag/update/user/	Übersicht · Löschen	198.162.148.112	CHROME
2024-02-26T13:09:48.593983Z	/manage/edit/cart/51/	Bearbeiten · Merkliste	14.242.68.29	EDGE
2024-02-26T13:09:48.945421Z	/22/	Löschen	65.205.195.234	EDGE
2024-02-26T13:09:49.378456Z	/22/	Merkliste · Bestellung	65.205.195.234	FIREFOX
2024-02-26T13:09:49.685212Z	/account/	Merkliste · Bestellung	23.5.244.89	EDGE
2024-02-26T13:09:49.888504Z	/manage/edit/cart/51/	Warenkorb	198.162.148.112	CHROME
2024-02-26T13:09:50.155885Z	/cart/tag/details/15/	Löschen	126.216.12.54	CHROME
2024-02-26T13:09:50.616316Z	/85/73/25/45/	Übersicht · Löschen	184.148.218.172	CHROME
2024-02-26T13:09:51.103785Z	/category/38/category/	Neu · Bestellung	184.148.218.172	EDGE
2024-02-26T13:09:51.275269Z	/account/	Merkliste · Neu	126.216.12.54	EDGE
2024-02-26T13:09:51.404635Z	/95/manage/	Bearbeiten · Merkliste	23.5.244.89	FIREFOX
2024-02-26T13:09:51.826750Z	/category/delete/38/cart/	Merkliste · Neu	65.205.195.234	CHROME
2024-02-26T13:09:52.134692Z	/cart/tag/details/15/	Löschen	23.5.244.89	CHROME
2024-02-26T13:09:52.514178Z	/account/	Merkliste · Bestellung	14.242.68.29	EDGE
2024-02-26T13:09:52.773736Z	/4/category/update/43/	Löschen	126.216.12.54	CHROME
2024-02-26T13:09:52.993104Z	/22/	Warenkorb	14.242.68.29	CHROME
2024-02-26T13:09:53.400313Z	/	Warenkorb · Merkliste	14.242.68.29	SAFARI
2024-02-26T13:09:53.569808Z	/category/delete/account/	Neu · Warenkorb	14.242.68.29	CHROME
2024-02-26T13:09:53.966640Z	/manage/edit/cart/51/	Bearbeiten	14.242.68.29	CHROME
2024-02-26T13:09:54.237514Z	/	Bestellung	50.243.152.153	CHROME
2024-02-26T13:09:54.376937Z	/	Neu · Warenkorb	143.54.79.29	EDGE
2024-02-26T13:09:54.673983Z	/95/manage/	Bearbeiten · Merkliste	173.99.93.146	SAFARI
2024-02-26T13:09:54.785083Z	/manage/88/create/category/	Neu · Warenkorb	173.99.93.146	INTERNET_EXPLORER
2024-02-26T13:09:55.192514Z	/	Löschen	173.99.93.146	INTERNET_EXPLORER
2024-02-26T13:09:55.409895Z	/22/	Übersicht · Löschen	173.99.93.146	CHROME
2024-02-26T13:09:55.637312Z	/order/update/new/new/	Bestellung · Löschen	143.54.79.29	SAMSUNG_INTERNET
2024-02-26T13:09:55.825092Z	/account/	Löschen	193.62.248.173	CHROME
2024-02-26T13:09:56.083146Z	/tag/update/user/	Löschen	221.112.75.214	EDGE
2024-02-26T13:09:56.358579Z	/manage/edit/cart/51/	Neu · Warenkorb	221.112.75.214	INTERNET_EXPLORER
2024-02-26T13:09:56.711130Z	/category/	Bestellung · Löschen	173.99.93.146	CHROME
2024-02-26T13:09:56.886138Z	/4/category/update/43/	Bearbeiten	193.62.248.173	CHROME
2024-02-26T13:09:57.269480Z	/22/	Bearbeiten	221.112.75.214	CHROME
2024-02-26T13:09:57.652325Z	/category/delete/38/cart/	Bestellung	143.54.79.29	CHROME
2024-02-26T13:09:58.002450Z	/	Löschen	221.112.75.214	INTERNET_EXPLORER
2024-02-26T13:09:58.435006Z	/cart/create/manage/user/	Merkliste · Neu	221.112.75.214	OPERA
2024-02-26T13:09:58.656819Z	/95/manage/	Bearbeiten	221.112.75.214	CHROME
2024-02-26T13:09:58.835031Z	/manage/88/create/category/	Löschen	56.188.109.223	CHROME
2024-02-26T13:09:59.110108Z	/user/create/create/68/	Konto · Merkliste	173.99.93.146	CHROME
2024-02-26T13:09:59.428403Z	/article/details/	Bearbeiten	143.54.79.29	FIREFOX
2024-02-26T13:09:59.732183Z	/22/	Übersicht · Löschen	19.99.123.136	UC_BROWSER
2024-02-26T13:10:00.192840Z	/6/details/user/	Löschen	205.201.204.35	CHROME
2024-02-26T13:10:00.310098Z	/cart/tag/details/15/	Merkliste	205.201.204.35	EDGE
2024-02-26T13:10:00.443491Z	/category/delete/account/	Löschen	193.62.248.173	FIREFOX
2024-02-26T13:10:00.656879Z	/71/tag/account/create/	Neu · Warenkorb	56.188.109.223	CHROME
2024-02-26T13:10:01.114342Z	/category/delete/account/	Warenkorb · Merkliste	193.62.248.173	SAFARI
2024-02-26T13:10:01.537352Z	/article/details/	Bearbeiten · Merkliste	56.188.109.223	CHROME
2024-02-26T13:10:01.867240Z	/new/details/tag/	Bearbeiten	56.188.109.223	INTERNET_EXPLORER
2024-02-26T13:10:02.127876Z	/	Bearbeiten	56.188.109.223	EDGE
2024-02-26T13:10:02.613099Z	/category/delete/account/	Bearbeiten	205.201.204.35	CHROME
2024-02-26T13:10:02.814270Z	/edit/new/user/	Konto · Merkliste	193.62.248.173	CHROME
2024-02-26T13:10:03.014011Z	/85/73/25/45/	Merkliste · Bestellung	193.62.248.173	INTERNET_EXPLORER
2024-02-26T13:10:03.415466Z	/71/tag/account/create/	Merkliste · Bestellung	193.62.248.173	SAMSUNG_INTERNET
2024-02-26T13:10:03.705921Z	/category/delete/38/cart/	Löschen	205.201.204.35	EDGE
2024-02-26T13:10:03.841132Z	/85/73/25/45/	Warenkorb · Übersicht	205.201.204.35	CHROME
2024-02-26T13:10:04.000551Z	/71/tag/account/create/	Merkliste · Bestellung	205.201.204.35	INTERNET_EXPLORER
2024-02-26T13:10:04.110361Z	/category/delete/account/	Neu · Warenkorb	181.192.91.139	CHROME
2024-02-26T13:10:04.500910Z	/cart/tag/details/15/	Merkliste · Bestellung	205.201.204.35	SAFARI
2024-02-26T13:10:04.878665Z	/manage/88/create/category/	Bearbeiten	193.62.248.173	EDGE
2024-02-26T13:10:05.080195Z	/edit/new/user/	Warenkorb · Übersicht	205.201.204.35	SAMSUNG_INTERNET
2024-02-26T13:10:05.442274Z	/	Übersicht · Bearbeiten	181.192.91.139	CHROME
2024-02-26T13:10:05.895912Z	/6/details/user/	Bearbeiten	181.192.91.139	CHROME
2024-02-26T13:10:06.170076Z	/manage/88/create/category/	Warenkorb	181.192.91.139	CHROME
2024-02-26T13:10:06.622592Z	/article/details/	Konto · Merkliste	181.192.91.139	SAFARI
2024-02-26T13:10:06.864837Z	/edit/new/user/	Zahlungsmittel · Bearbeiten	249.45.31.5	CHROME
2024-02-26T13:10:07.143026Z	/edit/new/user/	Zahlungsmittel · Bearbeiten	249.45.31.5	CHROME
2024-02-26T13:10:07.333596Z	/edit/new/user/	Merkliste	249.45.31.5	FIREFOX
2024-02-26T13:10:07.436682Z	/4/category/update/43/	Merkliste · Neu	249.45.31.5	SAFARI
2024-02-26T13:10:07.604371Z	/cart/tag/details/15/	Konto · Merkliste	225.66.1.62	SAFARI
2024-02-26T13:10:07.753659Z	/cart/	Bearbeiten	204.77.108.251	FIREFOX
2024-02-26T13:10:08.163138Z	/order/update/new/new/	Bestellung · Löschen	225.66.1.62	CHROME
2024-02-26T13:10:08.425951Z	/article/details/	Merkliste · Neu	224.45.252.48	CHROME
2024-02-26T13:10:08.708173Z	/create/	Merkliste · Zahlungsmittel	224.45.252.48	CHROME
2024-02-26T13:10:09.103651Z	/create/	Löschen	224.45.252.48	CHROME
2024-02-26T13:10:09.470780Z	/manage/tag/	Merkliste	50.170.157.40	UC_BROWSER
2024-02-26T13:10:09.842800Z	/	Zahlungsmittel · Bearbeiten	238.168.135.119	EDGE
2024-02-26T13:10:10.102723Z	/	Bearbeiten · Merkliste	238.168.135.119	CHROME
2024-02-26T13:10:10.493384Z	/create/manage/user/manage/	Merkliste · Zahlungsmittel	11.174.3.4	CHROME
2024-02-26T13:10:10.822369Z	/cart/tag/details/15/	Konto · Merkliste	11.174.3.4	EDGE
2024-02-26T13:10:10.935904Z	/71/tag/account/create/	Merkliste · Zahlungsmittel	11.174.3.4	CHROME
2024-02-26T13:10:11.257644Z	/create/	Übersicht · Löschen	245.89.221.172	SAFARI
2024-02-26T13:10:11.392942Z	/manage/edit/cart/51/	Bearbeiten	228.140.223.58	INTERNET_EXPLORER
2024-02-26T13:10:11.674913Z	/cart/tag/details/15/	Merkliste	228.140.223.58	EDGE
2024-02-26T13:10:12.112224Z	/account/	Zahlungsmittel · Bearbeiten	238.168.135.119	SAFARI
2024-02-26T13:10:12.481075Z	/article/details/	Übersicht · Bearbeiten	238.168.135.119	EDGE
2024-02-26T13:10:12.925746Z	/	Merkliste · Zahlungsmittel	11.174.3.4	EDGE
2024-02-26T13:10:13.079479Z	/category/delete/38/cart/	Neu · Bestellung	11.174.3.4	CHROME
2024-02-26T13:10:13.275997Z	/22/	Bestellung · Löschen	163.140.186.171	FIREFOX
2024-02-26T13:10:13.692761Z	/22/	Bearbeiten	144.53.188.125	SAMSUNG_INTERNET
2024-02-26T13:10:13.931303Z	/create/	Zahlungsmittel · Warenkorb	245.89.221.172	CHROME
2024-02-26T13:10:14.093600Z	/category/delete/38/cart/	Bearbeiten · Merkliste	144.53.188.125	SAFARI
2024-02-26T13:10:14.313263Z	/edit/new/user/	Zahlungsmittel · Warenkorb	107.111.237.252	EDGE
2024-02-26T13:10:14.817866Z	/	Bearbeiten	205.175.234.11	CHROME
2024-02-26T13:10:15.301698Z	/92/tag/	Übersicht · Löschen	107.111.237.252	CHROME
2024-02-26T13:10:15.425281Z	/4/category/update/43/	Bearbeiten	207.132.161.135	CHROME
2024-02-26T13:10:15.872894Z	/manage/article/account/account/	Bestellung	144.53.188.125	SAMSUNG_INTERNET
2024-02-26T13:10:16.055859Z	/	Zahlungsmittel · Warenkorb	144.53.188.125	SAFARI
2024-02-26T13:10:16.189415Z	/95/manage/	Merkliste · Merkliste	144.53.188.125	CHROME
2024-02-26T13:10:16.596753Z	/92/tag/	Übersicht · Löschen	207.132.161.135	INTERNET_EXPLORER
2024-02-26T13:10:16.766683Z	/category/delete/38/cart/	Merkliste · Neu	144.53.188.125	FIREFOX
2024-02-26T13:10:17.256819Z	/85/73/25/45/	Warenkorb	144.53.188.125	CHROME
2024-02-26T13:10:17.731682Z	/cart/42/	Neu · Warenkorb	145.102.168.88	FIREFOX
2024-02-26T13:10:18.231852Z	/92/tag/	Warenkorb · Merkliste	144.53.188.125	SAFARI
2024-02-26T13:10:18.631258Z	/cart/tag/details/15/	Warenkorb	251.95.231.62	UC_BROWSER
2024-02-26T13:10:18.998585Z	/new/details/tag/	Neu · Bearbeiten	251.95.231.62	CHROME
2024-02-26T13:10:19.340994Z	/cart/	Merkliste · Bestellung	251.95.231.62	EDGE
2024-02-26T13:10:19.606132Z	/	Löschen	144.53.188.125	CHROME
2024-02-26T13:10:19.993446Z	/	Bearbeiten	207.132.161.135	EDGE
2024-02-26T13:10:20.442669Z	/delete/	Merkliste · Bestellung	158.86.201.188	CHROME
2024-02-26T13:10:20.833812Z	/6/details/user/	Neu · Bearbeiten	144.53.188.125	SAMSUNG_INTERNET
2024-02-26T13:10:20.996987Z	/95/manage/	Neu · Bestellung	207.132.161.135	CHROME
2024-02-26T13:10:21.336382Z	/details/91/create/update/	Merkliste	207.132.161.135	SAFARI
2024-02-26T13:10:21.681571Z	/22/	Merkliste · Merkliste	207.132.161.135	SAFARI
2024-02-26T13:10:22.026938Z	/cart/	Löschen	207.132.161.135	CHROME
2024-02-26T13:10:22.191957Z	/	Bestellung · Löschen	207.132.161.135	CHROME
2024-02-26T13:10:22.472729Z	/create/	Merkliste · Merkliste	152.21.189.146	CHROME
2024-02-26T13:10:22.630627Z	/	Bearbeiten	152.21.189.146	EDGE
2024-02-26T13:10:22.798706Z	/edit/new/user/	Warenkorb · Merkliste	152.21.189.146	FIREFOX
2024-02-26T13:10:23.104088Z	/category/38/category/	Bestellung	69.5.176.119	CHROME
2024-02-26T13:10:23.496691Z	/manage/88/create/category/	Merkliste · Bestellung	69.5.176.119	SAMSUNG_INTERNET
2024-02-26T13:10:23.739750Z	/user/create/create/68/	Löschen	69.5.176.119	CHROME
2024-02-26T13:10:23.999027Z	/category/delete/38/cart/	Warenkorb · Merkliste	69.5.176.119	CHROME
2024-02-26T13:10:24.392843Z	/article/details/	Bestellung	69.5.176.119	CHROME
2024-02-26T13:10:24.851139Z	/cart/tag/details/15/	Warenkorb · Neu	69.5.176.119	CHROME
2024-02-26T13:10:25.241871Z	/new/details/tag/	Merkliste · Bestellung	69.5.176.119	INTERNET_EXPLORER
2024-02-26T13:10:25.602318Z	/	Bearbeiten	91.31.34.195	FIREFOX
2024-02-26T13:10:25.859786Z	/category/delete/account/	Bearbeiten · Merkliste	91.31.34.195	CHROME
2024-02-26T13:10:26.211048Z	/account/	Bearbeiten	91.31.34.195	SAMSUNG_INTERNET
2024-02-26T13:10:26.421237Z	/cart/create/manage/user/	Bearbeiten · Merkliste	199.142.249.12	FIREFOX
2024-02-26T13:10:26.558675Z	/create/manage/user/manage/	Konto · Merkliste	255.148.238.73	CHROME
2024-02-26T13:10:26.953421Z	/delete/	Bearbeiten	133.177.159.108	UC_BROWSER
2024-02-26T13:10:27.122921Z	/71/tag/account/create/	Neu · Bearbeiten	146.106.93.33	SAFARI
2024-02-26T13:10:27.485354Z	/4/category/update/43/	Zahlungsmittel · Bearbeiten	146.106.93.33	FIREFOX
2024-02-26T13:10:27.718589Z	/details/91/create/update/	Warenkorb	75.59.144.158	CHROME
2024-02-26T13:10:27.931884Z	/create/manage/user/manage/	Merkliste · Merkliste	164.30.206.227	CHROME
2024-02-26T13:10:28.286978Z	/85/73/25/45/	Merkliste	146.106.93.33	SAFARI
